Effective Date,Contract Reference Number  ,Title of agreement,Service responsible,Description of goods and services,Contract Start Date,End Date,Review Date,Extension Period,Contract Value,SupplierName,NominatedContactPoint,,,,,
August 2015,342,Air quality Equipment Maintenance,Environment,Air quality Equipment Maintenance,1/1/2015,12/31/2015,11/30/2015,0,5944.00,ESU1 ltd,Julian.Smith@wycombe.gov.uk,,,,,
August 2015,228,ANPR for car parks,Environment,ANPR for car parks,2/26/2013,2/25/2018,10/1/2017,2,1200000.00,APT Control Ltd - Veri-Park,Robin.Evans@wycombe.gov.uk,,,,,
August 2015,289,Arboricultural Services,Planning & Sustainability,Arboricultural Services,11/1/2014,10/31/2018,10/31/2017,0,400000.00,Advance Tree Services Ltd,Alastair.Cunningham@wycombe.gov.uk,,,,,
August 2015,290,Arboricultural Services,Planning & Sustainability,Arboricultural Services,11/1/2014,10/31/2018,10/31/2017,0,400000.00,Glendale Countryside Ltd,Alastair.Cunningham@wycombe.gov.uk,,,,,
August 2015,291,Arboricultural Services,Planning & Sustainability,Arboricultural Services,11/1/2014,10/31/2018,10/31/2017,0,400000.00,Gristwood & Toms Ltd,Alastair.Cunningham@wycombe.gov.uk,,,,,
August 2015,292,Arboricultural Services,Planning & Sustainability,Arboricultural Services,11/1/2014,10/31/2018,10/31/2017,0,400000.00,High Elms Tree Surgery ltd,Alastair.Cunningham@wycombe.gov.uk,,,,,
August 2015,293,Arboricultural Services,Planning & Sustainability,Arboricultural Services,11/1/2014,10/31/2018,10/31/2017,0,400000.00,J W Salmon - Aboricultural Ltd,Alastair.Cunningham@wycombe.gov.uk,,,,,
August 2015,294,Arboricultural Services,Planning & Sustainability,Arboricultural Services,11/1/2014,10/31/2018,10/31/2017,0,400000.00,R Watts & Sons,Alastair.Cunningham@wycombe.gov.uk,,,,,
August 2015,115,Banking contract,Finance & Commercial,Banking contract,4/1/2014,3/31/2017,9/30/2016,0,90000.00,Nat West,Steve.Richardson@wycombe.gov.uk,,,,,
August 2015,121,Bill payment system,Finance & Commercial,Bill payment system,11/1/2012,10/31/2016,1/16/2016,0,120000.00,Allpay.net,Paul.Simmons@wycombe.gov.uk,,,,,
August 2015,324,BMS Servicing and monitoring,Human Resources ICT/CSC & Shared Support Services,BMS Servicing and monitoring,4/1/2015,3/31/2019,2/28/2016,0,34500.00,ESG Ltd,Paul.Bryan@wycombe.gov.uk,,,,,
August 2015,333,Cash Collection,Finance & Commercial,Cash Collection,1/1/2015,12/31/2018,3/30/2018,0,120000.00,Contract Security Services Ltd,Simon.Blackett@wycombe.gov.uk,,,,,
August 2015,275,Checking  of structural  calculations for  building regulations applications,Planning & Sustainability,Checking  of structural  calculations for  building regulations applications,8/1/2013,7/31/2016,5/2/2016,1,20000.00,JNP Engineering LLP,Alan.Mason@Wycombe.gov.uk ,,,,,
August 2015,276,Checking of structural calculations for building regulations applications,Planning & Sustainability,Checking of structural calculations for building regulations applications,8/1/2013,7/31/2016,5/2/2016,1,20000.00,Roughton,Alan.Mason@Wycombe.gov.uk ,,,,,
August 2015,277,Checking of structural calculations for building regulations applications,Planning & Sustainability,Checking of structural calculations for building regulations applications,8/1/2013,7/31/2016,5/2/2016,1,20000.00,Hannah Reed (Peter Brett Associates),Alan.Mason@Wycombe.gov.uk ,,,,,
August 2015,124,Collection of Dog Waste,Environment,Collection of Dog Waste,11/1/2014,3/3/2020,11/1/2016,2,155740.00,SDK Environmental Ltd,Julian.Smith@wycombe.gov.uk,,,,,
August 2015,76,Commercial Vehicles Lease,Finance & Commercial,Commercial Vehicles Lease,9/29/2014,9/28/2017,12/1/2015,0,21000.00,Lex Autolease Ltd,Simon.Blackett@wycombe.gov.uk,,,,,
August 2015,341,Completion of Benefits workbooks,Finance & Commercial,Completion of Benefits workbooks,9/5/2014,9/4/2016,5/1/2016,0,34000.00,Branch and Lee Ltd,Andy.Green@Wycombe.gov.uk,,,,,
August 2015,137,Contract A Grounds maintenance,Community,Contract A Grounds maintenance,4/1/2010,3/31/2016,8/31/2015,2,1830000.00,John O'Conor Ltd,Andy.Sherwood@wycombe.gov.uk,,,,,
August 2015,226,Contract B Grounds and Play maintenance,Community,Contract B Grounds and Play maintenance,1/1/2013,12/31/2017,1/1/2016,2,4500000.00,Quadron,Andy.Sherwood@wycombe.gov.uk,,,,,
August 2015,259,Council tax billing ,Finance & Commercial,Council tax billing ,4/1/2013,3/31/2016,1/1/2016,2,69900.00,Smith & Ouzman,Jennie.Rahman@wycombe.gov.uk,,,,,
August 2015,156,CRM System & Support,Human Resources ICT/CSC & Shared Support Services,CRM System & Support,2/2/2015,1/31/2016,11/27/2015,0,55000.00,Northgate,Mark.Lansbury@wycombe.gov.uk,,,,,
August 2015,22,Data Room for Waste CD ,Environment,Data Room for Waste CD ,6/17/2011,30/09/205,9/29/2015,0,19200.00,EU supplies,Steve.Middleton@wycombe.gov.uk,,,,,
August 2015,70,Death in Service Insurance service,Human Resources ICT/CSC & Shared Support Services,Death in Service Insurance service,4/1/2015,3/31/2016,1/30/2016,0,26000.00,Canada Life,Ryan.Savage@wycombe.gov.uk,,,,,
August 2015,211,Development Management & Lead Consultant & Design Services (Master Plan),Finance & Commercial,Development Management & Lead Consultant & Design Services (Master Plan),5/2/2011,6/24/2016,6/24/2016,0,213500.00,Mace Real Estate ( Mace Limited),Charles.Brocklehurst@wycombe.gov.uk,,,,,
August 2015,288,Document storage,Democratic Legal & Policy,Document storage,1/1/2014,12/31/2017,5/1/2017,0,28000.00,Iron Mountain,Jennifer.Griffin@wycombe.gov.uk,,,,,
August 2015,123,Dog Warden Service,Environment,Dog Warden Service,11/1/2014,10/31/2018,11/1/2016,0,229560.00,SDK Environmental Ltd,Julian.Smith@wycombe.gov.uk,,,,,
August 2015,235,"E forms for licensing, revenues and Benifits",Human Resources ICT/CSC & Shared Support Services,"E forms for licensing, revenues and Benifits",10/1/2012,10/31/2015,8/27/2015,0,20000.00,Victoria Form,Mark.Lansbury@wycombe.gov.uk,,,,,
August 2015,218,eFinancials,Finance & Commercial,eFinancials,11/29/2011,3/31/2017,1/2/2017,0,145000.00,Advanced Business Solutions,Brenda.Watson@wycombe.gov.uk,,,,,
August 2015,264,External audit,Finance & Commercial,External audit,9/1/2012,8/31/2017,4/3/2017,0,640000.00,Ernest & Young,Brenda.Watson@wycombe.gov.uk,,,,,
August 2015,118,"Fire alarm, Emergency lighting & portable fire fighting Equipment maintenance",Human Resources ICT/CSC & Shared Support Services,"Fire alarm, Emergency lighting & portable fire fighting Equipment maintenance",4/1/2014,3/31/2019,1/31/2019,1,80000.00,Lightside Ltd,Paul.Bryan@wycombe.gov.uk,,,,,
August 2015,212,Handy Cross Leisure Centre: Initial Design & Costsing: lead Cosnultant & Design Services,Finance & Commercial,Handy Cross Leisure Centre: Initial Design & Costsing: lead Cosnultant & Design Services,3/2/2012,12/26/2015,12/26/2015,0,973000.00,Mace Limited,Charles.Brocklehurst@wycombe.gov.uk,,,,,
August 2015,39,Housing Removals Contract,Environment,Housing Removals Contract,10/1/2014,9/30/2018,1/4/2016,0,40000.00,Doree Bonner,Nick.Lamport@wycombe.gov.uk,,,,,
August 2015,214,Hughenden Quarter Consultants,Finance & Commercial,Hughenden Quarter Consultants,12/1/2011,8/31/2015,8/31/2015,0,90000.00,Mayer Brown,Charles.Brocklehurst@wycombe.gov.uk,,,,,
August 2015,215,Hughenden Quarter Consultants,Finance & Commercial,Hughenden Quarter Consultants,8/22/2011,9/30/2015,9/30/2015,0,24000.00,Bevan Brittan,Charles.Brocklehurst@wycombe.gov.uk,,,,,
August 2015,217,Hughenden Quarter Consultants,Finance & Commercial,Hughenden Quarter Consultants,5/12/2011,8/31/2015,6/30/2015,0,15000.00,GVA Grimley,Charles.Brocklehurst@wycombe.gov.uk,,,,,
August 2015,284,Hughenden Quarter Consultants,Finance & Commercial,Hughenden Quarter Consultants,3/31/2014,8/31/2015,7/1/2015,0,45000.00,Gillespies,Charles.Brocklehurst@wycombe.gov.uk,,,,,
August 2015,126,ICT and CSC managed service,Human Resources ICT/CSC & Shared Support Services,ICT and CSC managed service,2/1/2015,1/31/2020,1/1/2019,4,6906000.00,Capita,John.McMillan@wycombe.gov.uk,,,,,
August 2015,334,Internal Audit services,Finance & Commercial,Internal Audit services,4/1/2015,3/30/2018,9/29/2017,2,90000.00,Moore Stephens LLP,mike.howard@wycombe.gov.uk,,,,,
August 2015,131,Intranet,Human Resources ICT/CSC & Shared Support Services,Intranet,4/1/2008,2/3/2016,12/4/2015,0,35000.00,Sorce,Mark.Lansbury@wycombe.gov.uk,,,,,
August 2015,295,Lease cost routing on main switchboard number,Finance & Commercial,Lease cost routing on main switchboard number,11/11/2014,11/10/2015,9/29/2015,0,12000.00,Adept Telecom,Simon.Blackett@wycombe.gov.uk,,,,,
August 2015,258,Leisure centre operators - management of existing and new sports centres,Community,Leisure centre operators - management of existing and new sports centres,7/1/2014,6/30/2029,7/1/2019,0,15000000.00,People for places  (PfP),Richard.Eaton@wycombe.gov.uk,,,,,
August 2015,119,Lift maintenance,Human Resources ICT/CSC & Shared Support Services,Lift maintenance,4/1/2014,3/31/2019,1/31/2019,1,24000.00,Chiltern lifts,Paul.Bryan@wycombe.gov.uk,,,,,
August 2015,268,Lincoln Park Business Centre- Management Contract,Finance & Commercial,Lincoln Park Business Centre- Management Contract,4/1/2013,3/31/2018,3/31/2017,0,30000.00,Duncan Bailey- Kennedy,Robert.Daniels@wycombe.gov.uk,,,,,
August 2015,222,Lone Worker security devices,Environment,Lone Worker security devices,10/9/2012,10/8/2015,10/1/2015,2,4800.00,Reliance,Robin.Evans@wycombe.gov.uk,,,,,
August 2015,308,"Maintenance contract HVAC plant, service and equipment and air hygiene",Human Resources ICT/CSC & Shared Support Services,"Maintenance contract HVAC plant, service and equipment and air hygiene",4/1/2014,3/31/2019,9/1/2018,1,200000.00,Tencer,Paul.Bryan@wycombe.gov.uk,,,,,
August 2015,88,Minor Works & Gen. Maint - SoR,Human Resources ICT/CSC & Shared Support Services,Minor Works & Gen. Maint - SoR,4/1/2012,3/31/2016,1/2/2016,2,0.00,SLN (Aylesbury),Paul.Bryan@wycombe.gov.uk,,,,,
August 2015,107,Minor Works & Gen. Maint - SoR,Human Resources ICT/CSC & Shared Support Services,Minor Works & Gen. Maint - SoR,4/1/2012,3/31/2016,1/2/2016,2,0.00,Clive's Drives,Paul.Bryan@wycombe.gov.uk,,,,,
August 2015,108,Minor Works & Gen. Maint - SoR,Human Resources ICT/CSC & Shared Support Services,Minor Works & Gen. Maint - SoR,4/1/2012,3/31/2016,1/2/2016,2,0.00,Associated Asphalt,Paul.Bryan@wycombe.gov.uk,,,,,
August 2015,109,Minor Works & Gen. Maint - SoR,Human Resources ICT/CSC & Shared Support Services,Minor Works & Gen. Maint - SoR,4/1/2012,3/31/2016,1/2/2016,2,0.00,Walker Construction,Paul.Bryan@wycombe.gov.uk,,,,,
August 2015,110,Minor Works & Gen. Maint - SoR,Human Resources ICT/CSC & Shared Support Services,Minor Works & Gen. Maint - SoR,4/1/2012,3/31/2016,1/2/2016,2,0.00,Bellstan,Paul.Bryan@wycombe.gov.uk,,,,,
August 2015,111,Minor Works & Gen. Maint - SoR,Human Resources ICT/CSC & Shared Support Services,Minor Works & Gen. Maint - SoR,4/1/2012,3/31/2016,1/2/2016,2,0.00,Ringway Jacobs,Paul.Bryan@wycombe.gov.uk,,,,,
August 2015,112,Minor Works & Gen. Maint - SoR,Human Resources ICT/CSC & Shared Support Services,Minor Works & Gen. Maint - SoR,4/1/2012,3/31/2016,1/2/2016,2,0.00,C Dowdy,Paul.Bryan@wycombe.gov.uk,,,,,
August 2015,85,Mobile phones,Finance & Commercial,Mobile phones,8/8/2013,12/7/2015,9/30/2015,0,38000.00,Vodafone,Simon.Blackett@wycombe.gov.uk,,,,,
August 2015,273,Multi funtion Devices ( printer/Copier/scanners),Finance & Commercial,Multi funtion Devices ( printer/Copier/scanners),8/30/2013,8/31/2018,7/1/2016,0,170000.00,Annodata Ltd,Simon.Blackett@wycombe.gov.uk,,,,,
August 2015,51,Non Life Insurance Services:,Human Resources ICT/CSC & Shared Support Services,Non Life Insurance Services:,4/1/2012,3/31/2017,4/25/2016,0,1050000.00,Zurich,Ryan.Savage@wycombe.gov.uk,,,,,
August 2015,272,Occupational Health and Employee Assistance Programme,Human Resources ICT/CSC & Shared Support Services,Occupational Health and Employee Assistance Programme,9/1/2013,8/31/2017,8/1/2016,1,54000.00,People Asset Management (PAM),Jo.Whiteley@wycombe.gov.uk,,,,,
August 2015,267,On line Veripark registration webpayments,Environment,On line Veripark registration webpayments,4/22/2013,4/25/2016,10/25/2015,0,9000.00,SIX card Solutions,Robin.Evans@wycombe.gov.uk,,,,,
August 2015,285,On-line veripark ANPR card webpayments,Environment,On-line veripark ANPR card webpayments,5/24/2014,5/24/2017,1/24/2017,0,9000.00,Six card Solutions,Robin.Evans@wycombe.gov.uk,,,,,
August 2015,231,"Outsourced print room - supply of creative design, print management and reprographics services",Democratic Legal & Policy,"Outsourced print room - supply of creative design, print management and reprographics services",1/24/2013,1/23/2016,4/1/2015,2,594000.00,Greens,Catherine.Spalton@wycombe.gov.uk,,,,,
August 2015,208,Payroll Contract ,Human Resources ICT/CSC & Shared Support Services,Payroll Contract ,4/1/2012,3/31/2016,3/31/2015,0,101000.00,Aylesbury Vale District Council,Paul.Spencer@wycombe.gov.uk,,,,,
August 2015,122,Pest Control Services,Environment,Pest Control Services,11/1/2014,10/31/2018,11/1/2016,0,98400.00,SDK Environmental Ltd,Julian.Smith@wycombe.gov.uk,,,,,
August 2015,242,Planning applications service,Planning & Sustainability,Planning applications service,10/1/2012,10/1/2015,31/09/2015,0,30000.00,Sterling Planning,Alastair.Nicholson@wycombe.gov.uk,,,,,
August 2015,55,Private Medical Insurance ,Human Resources ICT/CSC & Shared Support Services,Private Medical Insurance ,4/1/2015,3/31/2016,1/2/2016,0,54000.00,AXA PPP,Jo.Whiteley@wycombe.gov.uk,,,,,
August 2015,332,Project management frogmore public realm improvement,Planning & Sustainability,Project management frogmore public realm improvement,12/1/2014,7/5/2016,1/1/2016,0,10300.00,DRF,john.callaghan@wycombe.gov.uk,,,,,
August 2015,54,provision of temporary agency staff,Human Resources ICT/CSC & Shared Support Services,provision of temporary agency staff,5/1/2015,4/20/2017,1/9/2017,2,570000.00,Adecco UK Ltd,Jo.Whiteley@wycombe.gov.uk,,,,,
August 2015,45,Public Convenience Cleaning ,Human Resources ICT/CSC & Shared Support Services,Public Convenience Cleaning ,7/5/2010,12/31/2015,11/30/2015,0,597090.00,Wettons,Paul.Bryan@wycombe.gov.uk,,,,,
August 2015,270,Revenues enforcement agents,Finance & Commercial,Revenues enforcement agents,3/1/2015,2/28/2017,12/1/2016,2,0.00,Bristow and Sutor ltd,andy.green@wycombe.gov.uk,,,,,
August 2015,270,Revenues enforcement agents,Finance & Commercial,Revenues enforcement agents,3/1/2015,2/28/2017,12/1/2016,2,0.00,Newlyn PLC,andy.green@wycombe.gov.uk,,,,,
August 2015,270,Revenues enforcement agents,Finance & Commercial,Revenues enforcement agents,3/1/2015,2/28/2017,12/1/2016,2,0.00,Chandlers Ltd,andy.green@wycombe.gov.uk,,,,,
August 2015,135,Stationery & office consumables,Finance & Commercial,Stationery & office consumables,7/1/2013,7/29/2016,4/4/2016,0,75000.00,Lyreco,Simon.Blackett@wycombe.gov.uk,,,,,
August 2015,81,supply Nhh Electricity,Finance & Commercial,supply Nhh Electricity,4/1/2014,3/31/2016,9/1/2015,0,60000.00,British Gas via OGC,Simon.Blackett@wycombe.gov.uk,,,,,
August 2015,97,Supply of Electricity HH,Finance & Commercial,Supply of Electricity HH,10/1/2015,9/30/2016,3/2/2016,0,116000.00,EDF ,Simon.Blackett@wycombe.gov.uk,,,,,
August 2015,98,Supply of gas,Finance & Commercial,Supply of gas,10/1/2015,9/30/2016,3/2/2016,0,60000.00,Corona,Simon.Blackett@wycombe.gov.uk,,,,,
August 2015,80,Supply of non-metered electricity,Finance & Commercial,Supply of non-metered electricity,10/1/2015,9/30/2016,3/2/2016,0,16000.00,EDF Energy,Simon.Blackett@wycombe.gov.uk,,,,,
August 2015,150,Telephone call charges & line rental,Finance & Commercial,Telephone call charges & line rental,10/1/2014,9/30/2015,9/30/2015,0,38000.00,British Telecom,Simon.Blackett@wycombe.gov.uk,,,,,
August 2015,151,Treasury Management Fund Managers Fees. (Hold funds on our behalf charge as % of funds held).   ,Finance & Commercial,Treasury Management Fund Managers Fees. (Hold funds on our behalf charge as % of funds held).   ,4/1/2015,3/31/2016,2/27/2016,0,40000.00,Investec Asset Management,Steve.Richardson@wycombe.gov.uk,,,,,
August 2015,65,Treasury Management Services. (Market intelligence and advice).,Finance & Commercial,Treasury Management Services. (Market intelligence and advice).,4/1/2015,3/31/2017,2/27/2016,0,15000.00,Capita Treasury  Management  Services ,Steve.Richardson@wycombe.gov.uk,,,,,
August 2015,266,UPT terminals ANPR Veripark machines,Environment,UPT terminals ANPR Veripark machines,4/22/2013,5/31/2016,12/5/2015,0,15000.00,Wild Yeast Ltd - Xenco,Robin.Evans@wycombe.gov.uk,,,,,
August 2015,323,Wallgate services in public toilets,Human Resources ICT/CSC & Shared Support Services,Wallgate services in public toilets,4/1/2015,3/31/2016,2/28/2016,0,6300.00,Wallgate Ltd,Paul.Bryan@wycombe.gov.uk,,,,,
August 2015,232,Waste collection/ refuse collection,Environment,Waste collection/ refuse collection,3/4/2013,3/2/2020,3/2/2018,14,49000000.00,Serco,Caroline.Hughes@wycombe.gov.uk,,,,,
August 2015,116,Water and Air Hygiene,Human Resources ICT/CSC & Shared Support Services,Water and Air Hygiene,5/1/2015,4/30/2018,2/26/2016,0,19300.00,Eaton Environmental Ltd,Paul.Bryan@wycombe.gov.uk,,,,,
August 2015,127,Web Control and Blackspider,Human Resources ICT/CSC & Shared Support Services,Web Control and Blackspider,4/1/2015,3/31/2017,8/1/2016,0,45000.00,Websense (Via Civica),Mary.Hayward-Ord@wycombe.gov.uk,,,,,
August 2015,247,Wycombe Sports Centre main contractor,Finance & Commercial,Wycombe Sports Centre main contractor,4/1/2014,11/30/2015,11/30/2015,0,35968000.00,Willmott Dixon,Charles.Brocklehurst@wycombe.gov.uk,,,,,
August 2015,WDC12170,RECRUITMENT OF CORPORATE DIRECTOR ,CHIEF EXECUTIVE,RECRUITMENT OF CORPORATE DIRECTOR ,5/21/2015,,,,35000.00,Penna Plc,Steve.Richardson@wycombe.gov.uk,,,,,
August 2015,WDC11763,Gossmore Public Toilet Handwash Service Contr,COMMUNITY,Gossmore Public Toilet Handwash Service Contr,4/7/2015,,,,6273.00,Wallgate,Paul.Bryan@wycombe.gov.uk,,,,,
August 2015,WDC11780,Cemetery,COMMUNITY,Cemetery,4/8/2015,,,,33901.60,Tencer Ltd,Paul.Bryan@wycombe.gov.uk,,,,,
August 2015,WDC11781,Extra costs: Car Park works Desborough Rec,COMMUNITY,Extra costs: Car Park works Desborough Rec,4/8/2015,,,,9987.11,Createability - Cis,Catherine.SilvaDonayre@wycombe.gov.uk,,,,,
August 2015,WDC11782,Valuation 6: Desborough Rec Ground,COMMUNITY,Valuation 6: Desborough Rec Ground,4/8/2015,,,,19903.56,Createability - Cis,Catherine.SilvaDonayre@wycombe.gov.uk,,,,,
August 2015,WDC11814,CCTV: BT Fibre ciruits - rent from 01/04/2015,COMMUNITY,CCTV: BT Fibre ciruits - rent from 01/04/2015,4/13/2015,,,,11425.05,Bt Redcare,Sarah.Randall@wycombe.gov.uk,,,,,
August 2015,WDC11935,Procurement and cost services,COMMUNITY,Procurement and cost services,4/24/2015,,,,7400.00,Cragg Management Services,Catherine.SilvaDonayre@wycombe.gov.uk,,,,,
August 2015,WDC12009,Rye cycle route surfacing as per quote 15/111,COMMUNITY,Rye cycle route surfacing as per quote 15/111,5/5/2015,,,,15981.55,Hms Decorative Surfacing Ltd - Cis Ded,Elaine.Jewell@wycombe.gov.uk,,,,,
August 2015,WDC12115,LIFT AT MUSEUM,COMMUNITY,LIFT AT MUSEUM,5/15/2015,,,,14393.00,Kone Plc,Catherine.SilvaDonayre@wycombe.gov.uk,,,,,
August 2015,WDC12133,Soil Surveys 2 potential new allotment sites,COMMUNITY,Soil Surveys 2 potential new allotment sites,5/18/2015,,,,8864.00,Wde Consulting,Sarah.Randall@wycombe.gov.uk,,,,,
August 2015,WDC12160,CCTV System support and Maint: Start 1st Marc,COMMUNITY,CCTV System support and Maint: Start 1st Marc,5/21/2015,,,,6072.00,Geutebruck Uk Ltd,Sarah.Randall@wycombe.gov.uk,,,,,
August 2015,WDC12268,Supply and delivery 8 x Big Ben litter cages ,COMMUNITY,Supply and delivery 8 x Big Ben litter cages ,5/29/2015,,,,5087.00,Earth Anchors Ltd,Sarah.Randall@wycombe.gov.uk,,,,,
August 2015,WDC12354,Private circuits ANUK320720/320721/920579/920,COMMUNITY,Private circuits ANUK320720/320721/920579/920,6/5/2015,,,,6441.60,British Telecom,Brenda.Watson@wycombe.gov.uk,,,,,
August 2015,WDC12408,REMOVAL & STORAGE SERVICE AT MUSEUM,COMMUNITY,REMOVAL & STORAGE SERVICE AT MUSEUM,6/16/2015,,,,5960.00,Menace Removals,Catherine.SilvaDonayre@wycombe.gov.uk,,,,,
August 2015,WDC12420,"Rent 55a High St, Marlo (24.06.15-28.09.15)",COMMUNITY,"Rent 55a High St, Marlo (24.06.15-28.09.15)",6/16/2015,,,,14150.00,Sorbon Estates Ltd,Sarah.Randall@wycombe.gov.uk,,,,,
August 2015,WDC12430,Wycombe Museum: External Window Decorations,COMMUNITY,Wycombe Museum: External Window Decorations,6/17/2015,,,,13108.00,D W Contractors (Oxford) Ltd,Catherine.SilvaDonayre@wycombe.gov.uk,,,,,
August 2015,WDC12457,Management Fee 2015/16 ¿ Second Quarter,COMMUNITY,Management Fee 2015/16 ¿ Second Quarter,6/19/2015,,,,31500.00,Chiltern Rangers Cic,Ian.Westgate@wycombe.gov.uk,,,,,
August 2015,WDC12514,General Building works for museum project ,COMMUNITY,General Building works for museum project ,6/25/2015,,,,40000.00,Adrol Ltd,Elaine.Jewell@wycombe.gov.uk,,,,,
August 2015,WDC12515,General Building works for Museum Project,COMMUNITY,General Building works for Museum Project,6/25/2015,,,,44000.00,Adrol Ltd,Elaine.Jewell@wycombe.gov.uk,,,,,
August 2015,WDC12516,Mechanical Installations works for Museum Pro,COMMUNITY,Mechanical Installations works for Museum Pro,6/25/2015,,,,43000.00,Adrol Ltd,Elaine.Jewell@wycombe.gov.uk,,,,,
August 2015,WDC12517,Electrical Instalations works for Museum Proj,COMMUNITY,Electrical Instalations works for Museum Proj,6/25/2015,,,,35000.00,Adrol Ltd,Elaine.Jewell@wycombe.gov.uk,,,,,
August 2015,WDC12554,"Think! workshops in Ash Hill, Cedar Park, Ble",COMMUNITY,"Think! workshops in Ash Hill, Cedar Park, Ble",6/30/2015,,,,5976.40,Equalitech,Daniel.Sullivan@wycombe.gov.uk,,,,,
August 2015,WDC11875,Corporate subscription (2015/16) ,DEMOCRATIC LEGAL AND POLICY,Corporate subscription (2015/16) ,4/21/2015,,,,6204.23,South East Employers,Brenda.Watson@wycombe.gov.uk,,,,,
August 2015,WDC11924,"Hosting, licensing and support for April - De",DEMOCRATIC LEGAL AND POLICY,"Hosting, licensing and support for April - De",4/24/2015,,,,14355.00,Webinfinity Europe Ltd,Catherine.Spalton@wycombe.gov.uk,,,,,
August 2015,WDC11950,Staff Fees,DEMOCRATIC LEGAL AND POLICY,Staff Fees,4/27/2015,,,,15000.00,Maislarry And Co Limited,Sabah.Siddiq@wycombe.gov.uk,,,,,
August 2015,WDC12013,Distribution for Wycombe District Times - Sum,DEMOCRATIC LEGAL AND POLICY,Distribution for Wycombe District Times - Sum,5/5/2015,,,,7341.51,Lds Limited,Catherine.Spalton@wycombe.gov.uk,,,,,
August 2015,WDC12015,District Times - Printing (Summer 2015),DEMOCRATIC LEGAL AND POLICY,District Times - Printing (Summer 2015),5/5/2015,,,,7000.00,Swan Print,Catherine.Spalton@wycombe.gov.uk,,,,,
August 2015,WDC12135,Local Land Charges fees  2015,DEMOCRATIC LEGAL AND POLICY,Local Land Charges fees  2015,5/18/2015,,,,112322.00,Bucks County Council,Charles.Meakings@wycombe.gov.uk,,,,,
August 2015,WDC12178,30 Ipads 16gb,DEMOCRATIC LEGAL AND POLICY,30 Ipads 16gb,5/22/2015,,,,11157.00,Westwood Associates Ltd,Ian.Hunt@wycombe.gov.uk,,,,,
August 2015,WDC12198,HNL mailing,DEMOCRATIC LEGAL AND POLICY,HNL mailing,5/27/2015,,,,5535.00,Print Image Network Ltd,Charles.Meakings@wycombe.gov.uk,,,,,
August 2015,WDC12247,"Fee for BCC to cover on call duty out of hours, Emergency Planning",DEMOCRATIC LEGAL AND POLICY,"Fee for BCC to cover on call duty out of hours, Emergency Planning",5/28/2015,,,,10000.00,Bucks County Council,Jacqueline.Ford@wycombe.gov.uk,,,,,
August 2015,WDC12340,Legal fees  VAT invoices ,DEMOCRATIC LEGAL AND POLICY,Legal fees  VAT invoices ,6/4/2015,,,,5000.00,Mishcon De Reya,Brenda.Watson@wycombe.gov.uk,,,,,
August 2015,WDC12400,Salary for temporary Comms Assistant,DEMOCRATIC LEGAL AND POLICY,Salary for temporary Comms Assistant,6/12/2015,,,,12000.00,Badenoch And Clark Ltd,Catherine.Spalton@wycombe.gov.uk,,,,,
August 2015,WDC12507,Westlaw Subscription,DEMOCRATIC LEGAL AND POLICY,Westlaw Subscription,6/24/2015,,,,18490.00,Thomson Reuters,Charles.Meakings@wycombe.gov.uk,,,,,
August 2015,WDC11777,agency staff,ENVIRONMENT,agency staff,4/8/2015,,,,10000.00,Unity Recruitment,Caroline.Hughes@wycombe.gov.uk,,,,,
August 2015,WDC11846,Provision of IP auth service Apr15-Mar16,ENVIRONMENT,Provision of IP auth service Apr15-Mar16,4/15/2015,,,,8856.00,Wild Yeast Ltd,Robin.Evans@wycombe.gov.uk,,,,,
August 2015,WDC11877,Repair to vandalised machine,ENVIRONMENT,Repair to vandalised machine,4/21/2015,,,,7456.00,Parking Pal Ltd,Robin.Evans@wycombe.gov.uk,,,,,
August 2015,WDC11960,additional spare parts for stock,ENVIRONMENT,additional spare parts for stock,4/27/2015,,,,6870.00,Parking Pal Ltd,Robin.Evans@wycombe.gov.uk,,,,,
August 2015,WDC11961,repair to vandalised machine,ENVIRONMENT,repair to vandalised machine,4/27/2015,,,,6780.00,Parking Pal Ltd,Robin.Evans@wycombe.gov.uk,,,,,
August 2015,WDC11965,Matron Noise Monitoring system,ENVIRONMENT,Matron Noise Monitoring system,4/28/2015,,,,5515.10,Bruel & Kjaer (Uk) Ltd,Julian.Smith@wycombe.gov.uk,,,,,
August 2015,WDC12067,Alarm system fitting (CO),ENVIRONMENT,Alarm system fitting (CO),5/11/2015,,,,7341.60,Parking Pal Ltd,Robin.Evans@wycombe.gov.uk,,,,,
August 2015,WDC12095,Pigeon Control,ENVIRONMENT,Pigeon Control,5/13/2015,,,,5580.00,Avian Bird Control Services Ltd,Julian.Smith@wycombe.gov.uk,,,,,
August 2015,WDC12129,Food Safety Inspections 2015-2016,ENVIRONMENT,Food Safety Inspections 2015-2016,5/15/2015,,,,12000.00,Red Snapper Recruitment Ltd,Andrew.Collinson@wycombe.gov.uk,,,,,
August 2015,WDC12240,Repair vandalised machine (Duke),ENVIRONMENT,Repair vandalised machine (Duke),5/28/2015,,,,8782.40,Parking Pal Ltd,Robin.Evans@wycombe.gov.uk,,,,,
August 2015,WDC11744,PostageCreditBought12Mar15FrankMach,FINANCE & COMMERCIAL,PostageCreditBought12Mar15FrankMach,4/7/2015,,,,5000.00,Neopost Neofunds,Paul.Simmons@wycombe.gov.uk,,,,,
August 2015,WDC11852,2015-16 Engineering Insurance,FINANCE & COMMERCIAL,2015-16 Engineering Insurance,4/16/2015,,,,7563.11,Gallagher Heath Ltd,Brenda.Watson@wycombe.gov.uk,,,,,
August 2015,WDC11855,Detailed design of redeveloping Pastures Chur,FINANCE & COMMERCIAL,Detailed design of redeveloping Pastures Chur,4/16/2015,,,,100000.00,The Pastures Church,Penelope.Tollitt@wycombe.gov.uk,,,,,
August 2015,WDC11856,High Wycombe Town Centre Masterplan Alternati,FINANCE & COMMERCIAL,High Wycombe Town Centre Masterplan Alternati,4/16/2015,,,,6864000.00,Bucks County Council,Penelope.Tollitt@wycombe.gov.uk,,,,,
August 2015,WDC11861,QVR14 - new bin enclosure to car park,FINANCE & COMMERCIAL,QVR14 - new bin enclosure to car park,4/17/2015,,,,8513.00,Jarvis Engineering Ltd,John.Mcmillan@wycombe.gov.uk,,,,,
August 2015,WDC11902,RTB sales administrative fee 2014/15 - 42 sal,FINANCE & COMMERCIAL,RTB sales administrative fee 2014/15 - 42 sal,4/22/2015,,,,68250.00,Red Kite Community Housing Ltd,Steve.Richardson@wycombe.gov.uk,,,,,
August 2015,WDC11905,For Paying Royal Mail Invoices 2015-16,FINANCE & COMMERCIAL,For Paying Royal Mail Invoices 2015-16,4/23/2015,,,,200000.00,Royal Mail,John.Mcmillan@wycombe.gov.uk,,,,,
August 2015,WDC11939,Westbourne Street Link Road Materials,FINANCE & COMMERCIAL,Westbourne Street Link Road Materials,4/24/2015,,,,365100.00,Bucks County Council,John.Callaghan@wycombe.gov.uk,,,,,
August 2015,WDC11955,Business Equipment,FINANCE & COMMERCIAL,Business Equipment,4/27/2015,,,,6157.73,Boyce Business Equipment Ltd,John.Mcmillan@wycombe.gov.uk,,,,,
August 2015,WDC11983,Letting Fee in respect of Building C / Albert,FINANCE & COMMERCIAL,Letting Fee in respect of Building C / Albert,4/30/2015,,,,8804.00,Duncan Bailey Kennedy,John.Mcmillan@wycombe.gov.uk,,,,,
August 2015,WDC12050,Gas Works Link Road design & contract managem,FINANCE & COMMERCIAL,Gas Works Link Road design & contract managem,5/8/2015,,,,99648.13,Bucks County Council,Penelope.Tollitt@wycombe.gov.uk,,,,,
August 2015,WDC12051,Westbourne Street Link Road Construction,FINANCE & COMMERCIAL,Westbourne Street Link Road Construction,5/8/2015,,,,339000.00,Bucks County Council,John.Mcmillan@wycombe.gov.uk,,,,,
August 2015,WDC12052,Westbourne Street Link Road Construction,FINANCE & COMMERCIAL,Westbourne Street Link Road Construction,5/8/2015,,,,1050000.00,Bucks County Council,John.Mcmillan@wycombe.gov.uk,,,,,
August 2015,WDC12224,F 18H079-0011,FINANCE & COMMERCIAL,F 18H079-0011,5/27/2015,,,,215527.44,Zurich Municipal,Ian.Westgate@wycombe.gov.uk,,,,,
August 2015,WDC12264,PostageCreditBought20APR2015,FINANCE & COMMERCIAL,PostageCreditBought20APR2015,5/29/2015,,,,5000.00,Neopost Neofunds,Paul.Simmons@wycombe.gov.uk,,,,,
August 2015,WDC12332,Bus Service Support - Route 35,FINANCE & COMMERCIAL,Bus Service Support - Route 35,6/4/2015,,,,75000.00,Bucks County Council,Penelope.Tollitt@wycombe.gov.uk,,,,,
August 2015,WDC12333,Wycombe Route Improvement Project,FINANCE & COMMERCIAL,Wycombe Route Improvement Project,6/4/2015,,,,250000.00,Bucks County Council,Penelope.Tollitt@wycombe.gov.uk,,,,,
August 2015,WDC12334,Smarter Choices Programme,FINANCE & COMMERCIAL,Smarter Choices Programme,6/4/2015,,,,180000.00,Bucks County Council,Penelope.Tollitt@wycombe.gov.uk,,,,,
August 2015,WDC12440,Handy Cross Hub - Installation of Highways Du,FINANCE & COMMERCIAL,Handy Cross Hub - Installation of Highways Du,6/18/2015,,,,15000.00,Bucks County Council,Charles.Brocklehurst@wycombe.gov.uk,,,,,
August 2015,WDC12452,Business support scheme (flooding),FINANCE & COMMERCIAL,Business support scheme (flooding),6/18/2015,,,,17500.00,South Bucks District Council,Steve.Richardson@wycombe.gov.uk,,,,,
August 2015,WDC12464,Committee Room Lights,FINANCE & COMMERCIAL,Committee Room Lights,6/19/2015,,,,6060.00,Scorpio Electrical Contractors,John.Mcmillan@wycombe.gov.uk,,,,,
August 2015,WDC12484,PostageCreditBought11JUN2015,FINANCE & COMMERCIAL,PostageCreditBought11JUN2015,6/23/2015,,,,5000.00,Neopost Neofunds,Paul.Simmons@wycombe.gov.uk,,,,,
August 2015,WDC12527,Outstanding Bid Levy 2012/13 to 14/15,FINANCE & COMMERCIAL,Outstanding Bid Levy 2012/13 to 14/15,6/25/2015,,,,25000.00,Hwbidco Ltd,Nisar.Visram@wycombe.gov.uk,,,,,
August 2015,WDC11788,Temp staff to 27 March 2015,HOUSING,Temp staff to 27 March 2015,4/10/2015,,,,5527.50,Reed Employment Plc,Kathryn.Hobman@wycombe.gov.uk,,,,,
August 2015,WDC11990,Rayners Avenue Mobile Home Site,HOUSING,Rayners Avenue Mobile Home Site,5/1/2015,,,,27000.00,Thompson Wilson,Brian.Daly@wycombe.gov.uk,,,,,
August 2015,WDC12278,temp staff  4 weeks to 22/5/15,HOUSING,temp staff  4 weeks to 22/5/15,6/1/2015,,,,6467.00,Reed Employment Plc,Kathryn.Hobman@wycombe.gov.uk,,,,,
August 2015,WDC12385,rent accounts,HOUSING,rent accounts,6/9/2015,,,,22000.00,The Bucks Housing Association Ltd,Kathryn.Hobman@wycombe.gov.uk,,,,,
August 2015,WDC12493,Saunderton Lodge - Communal Corridor Flooring,HOUSING,Saunderton Lodge - Communal Corridor Flooring,6/24/2015,,,,8662.52,Murrell Estates  Ltd                 Cis,Kathryn.Hobman@wycombe.gov.uk,,,,,
August 2015,WDC11746,Wren Davis Ltd Milk 15-16),HUMAN RESOURCES ICT & SHARED SUPPORT,Wren Davis Ltd Milk 15-16),4/7/2015,,,,5000.00,Wren Davis Ltd,Paul.Spencer@wycombe.gov.uk,,,,,
August 2015,WDC11760,Council Offices BMS Service & monitoring 01/0,HUMAN RESOURCES ICT & SHARED SUPPORT,Council Offices BMS Service & monitoring 01/0,4/7/2015,,,,6870.00,Tesgl Ltd,Paul.Bryan@wycombe.gov.uk,,,,,
August 2015,WDC11774,Health & safety partnership,HUMAN RESOURCES ICT & SHARED SUPPORT,Health & safety partnership,4/8/2015,,,,7100.00,Bucks County Council,Steve.Richardson@wycombe.gov.uk,,,,,
August 2015,WDC11783,FiveStar Crpet cleaning (2015 - 16),HUMAN RESOURCES ICT & SHARED SUPPORT,FiveStar Crpet cleaning (2015 - 16),4/9/2015,,,,6000.00,Five Star Cleaning,Paul.Bryan@wycombe.gov.uk,,,,,
August 2015,WDC11787,OEA 06/04/15-05/04/16,HUMAN RESOURCES ICT & SHARED SUPPORT,OEA 06/04/15-05/04/16,4/9/2015,,,,7197.00,Astun Technology Ltd,Mary.Hayward-Ord@wycombe.gov.uk,,,,,
August 2015,WDC11840,01206292 DX00686919 DX3AMME9XLIC TREND MICRO ,HUMAN RESOURCES ICT & SHARED SUPPORT,01206292 DX00686919 DX3AMME9XLIC TREND MICRO ,4/15/2015,,,,12688.64,Phoenix Software Ltd,Mark.Lansbury@wycombe.gov.uk,,,,,
August 2015,WDC11891,UPS Maintenance renewal - No 9843364 01/06/20,HUMAN RESOURCES ICT & SHARED SUPPORT,UPS Maintenance renewal - No 9843364 01/06/20,4/22/2015,,,,5496.00,On365,Mark.Lansbury@wycombe.gov.uk,,,,,
August 2015,WDC11934,QVR Offices - Window blinds,HUMAN RESOURCES ICT & SHARED SUPPORT,QVR Offices - Window blinds,4/24/2015,,,,7114.40,Boyce Business Equipment Ltd,Paul.Bryan@wycombe.gov.uk,,,,,
August 2015,WDC11945,Works to Council Chamber Power & Lighting,HUMAN RESOURCES ICT & SHARED SUPPORT,Works to Council Chamber Power & Lighting,4/24/2015,,,,12465.00,Scorpio Electrical Contractors,Paul.Bryan@wycombe.gov.uk,,,,,
August 2015,WDC12044,Iron Mountain monthly payments 2015/16,HUMAN RESOURCES ICT & SHARED SUPPORT,Iron Mountain monthly payments 2015/16,5/7/2015,,,,7000.00,Iron Mountain (Uk) Ltd,Paul.Bryan@wycombe.gov.uk,,,,,
August 2015,WDC12056,support fee 010415-310316,HUMAN RESOURCES ICT & SHARED SUPPORT,support fee 010415-310316,5/11/2015,,,,7010.00,Modern Mindset Ltd,Mary.Hayward-Ord@wycombe.gov.uk,,,,,
August 2015,WDC12057,servicemail support 310515-300516,HUMAN RESOURCES ICT & SHARED SUPPORT,servicemail support 310515-300516,5/11/2015,,,,5685.00,Blue Flag Technologies Ltd,Mary.Hayward-Ord@wycombe.gov.uk,,,,,
August 2015,WDC12149,AUT0000500BE12-8 RSA Auth Mgr Base Ed 8.0 Enh,HUMAN RESOURCES ICT & SHARED SUPPORT,AUT0000500BE12-8 RSA Auth Mgr Base Ed 8.0 Enh,5/20/2015,,,,19008.00,Insight Direct,John.Mcmillan@wycombe.gov.uk,,,,,
August 2015,WDC12158,V56-ENT-G-SSS-C-R Basic Support VMware vSpher,HUMAN RESOURCES ICT & SHARED SUPPORT,V56-ENT-G-SSS-C-R Basic Support VMware vSpher,5/20/2015,,,,155063.08,Phoenix Software Ltd,John.Mcmillan@wycombe.gov.uk,,,,,
August 2015,WDC12289,Agency Cleaning Cover (May - July 15),HUMAN RESOURCES ICT & SHARED SUPPORT,Agency Cleaning Cover (May - July 15),6/2/2015,,,,5000.00,Absolute Cleaning Services,Paul.Bryan@wycombe.gov.uk,,,,,
August 2015,WDC12329,ishare OEA support 190715-180716,HUMAN RESOURCES ICT & SHARED SUPPORT,ishare OEA support 190715-180716,6/4/2015,,,,11253.00,Astun Technology Ltd,Mary.Hayward-Ord@wycombe.gov.uk,,,,,
August 2015,WDC12373,TS - Agency costs (3 of 9),HUMAN RESOURCES ICT & SHARED SUPPORT,TS - Agency costs (3 of 9),6/9/2015,,,,14150.79,The Oyster Partnership,Janice.Hull@wycombe..gov.uk,,,,,
August 2015,WDC12470,45KC0ZZ0-BR1GS Sym EV E-Discovery std ed V11 ,HUMAN RESOURCES ICT & SHARED SUPPORT,45KC0ZZ0-BR1GS Sym EV E-Discovery std ed V11 ,6/19/2015,,,,6247.50,Civica Services Ltd,Mark.Lansbury@wycombe.gov.uk,,,,,
August 2015,WDC12545,mapinfo,HUMAN RESOURCES ICT & SHARED SUPPORT,mapinfo,6/29/2015,,,,5232.00,Pitney Bowes Software Ltd,Mary.Hayward-Ord@wycombe.gov.uk,,,,,
August 2015,WDC11817,Chilterns Conservation Board contribution 201,PLANNING,Chilterns Conservation Board contribution 201,4/13/2015,,,,9357.00,Chilterns Conservation Board,Ian.Manktelow@wycombe.gov.uk,,,,,
August 2015,WDC11964,Oyster ,PLANNING,Oyster ,4/27/2015,,,,36000.00,The Oyster Partnership,Penelope.Tollitt@wycombe.gov.uk,,,,,
August 2015,WDC12045,Oyster  3 months,PLANNING,Oyster  3 months,5/7/2015,,,,20000.00,The Oyster Partnership,Penelope.Tollitt@wycombe.gov.uk,,,,,
August 2015,WDC12049,Central Bucks Housing and Economic Developmen,PLANNING,Central Bucks Housing and Economic Developmen,5/8/2015,,,,71375.00,Opinion Research Services,Penelope.Tollitt@wycombe.gov.uk,,,,,
August 2015,WDC12181,Provision of agency surveyor,PLANNING,Provision of agency surveyor,5/26/2015,,,,36000.00,B R G Interim Solutions Ltd,Ian.Westgate@wycombe.gov.uk,,,,,
August 2015,WDC12330,Richard Ground Cornerstone Barristers - 14/06,PLANNING,Richard Ground Cornerstone Barristers - 14/06,6/4/2015,,,,45000.00,Richard Ground,Penelope.Tollitt@wycombe.gov.uk,,,,,
August 2015,WDC12365,Princes Risborough Extension Workshops,PLANNING,Princes Risborough Extension Workshops,6/8/2015,,,,7500.00,Design Council,Ian.Manktelow@wycombe.gov.uk,,,,,
August 2015,WDC12377,Local Plan Proposals Maps,PLANNING,Local Plan Proposals Maps,6/9/2015,,,,7934.00,Cook Hammond & Kell,Ian.Manktelow@wycombe.gov.uk,,,,,
August 2015,WDC11775,Guildhall - Caretaking Services for April 15 ,PROPERTY,Guildhall - Caretaking Services for April 15 ,4/8/2015,,,,6600.00,Anderson Caretaking Services,Robert.Daniels@wycombe.gov,,,,,
August 2015,WDC11830,"9-10 Church Street, HW - rent for period 25/3",PROPERTY,"9-10 Church Street, HW - rent for period 25/3",4/14/2015,,,,17250.00,Wesleyan Assurance Society,Charles.Brocklehurst@wycombe.gov.uk,,,,,
August 2015,WDC11831,"6-8 Frogmoor, HW -Year Service Charges for pe",PROPERTY,"6-8 Frogmoor, HW -Year Service Charges for pe",4/14/2015,,,,5769.24,Capita Property & Infrastructure Ltd,Charles.Brocklehurst@wycombe.gov.uk,,,,,
August 2015,WDC11873,Hughenden Quarter - S38 Agreement Monies,PROPERTY,Hughenden Quarter - S38 Agreement Monies,4/21/2015,,,,106286.00,Bucks County Council,Charles.Brocklehurst@wycombe.gov.uk,,,,,
August 2015,WDC11919,"Guildhall, Cleaning , Supplies, and Sundries.",PROPERTY,"Guildhall, Cleaning , Supplies, and Sundries.",4/24/2015,,,,6000.00,Rts Cleaning Services,Robert.Daniels@wycombe.gov,,,,,
August 2015,WDC11982,"Bassetsbury Bowls Club/Manor, supply and fit ",PROPERTY,"Bassetsbury Bowls Club/Manor, supply and fit ",4/30/2015,,,,5219.00,Cotswold Decorative Ironworkers,Robert.Daniels@wycombe.gov,,,,,
August 2015,WDC12293, Fees,PROPERTY, Fees,6/2/2015,,,,20000.00,Macdonald & Company,Victoria.Green@wycombe.gov.uk,,,,,
August 2015,WDC12416,Hughenden Quarter - Asbestos Monitoring Atten,PROPERTY,Hughenden Quarter - Asbestos Monitoring Atten,6/16/2015,,,,14900.00,Dsm Group - Cis,Charles.Brocklehurst@wycombe.gov.uk,,,,,
August 2015,WDC12454,John Lewis Car Park Extension - Design & Cons,PROPERTY,John Lewis Car Park Extension - Design & Cons,6/18/2015,,,,345751.59,John Lewis Plc,Steve.Richardson@wycombe.gov.uk,,,,,
August 2015,WDC12500,Baker Street - Agents fees re pre application,PROPERTY,Baker Street - Agents fees re pre application,6/24/2015,,,,5000.00,Savills Uk Ltd,Robert.Daniels@wycombe.gov,,,,,
August 2015,WDC12537,"Ashwells, High Wycombe -Professional fees re ",PROPERTY,"Ashwells, High Wycombe -Professional fees re ",6/29/2015,,,,25000.00,Savills Uk Ltd,Charles.Brocklehurst@wycombe.gov.uk,,,,,
